rank,file,t_sec,score,U,A,D,n_boxes,n_ambiguous,empty,selected
1,frame_0376.jpg,150.4,0.6552,0.7322,0.8571,0.16,7,6,False,True
2,frame_0072.jpg,28.8,0.6455,0.5481,0.5714,1.0,6,4,False,True
3,frame_0073.jpg,29.2,0.643,0.5431,0.5714,1.0,7,4,False,False
4,frame_0001.jpg,0.4,0.6392,0.5355,0.5714,1.0,8,4,False,True
5,frame_0075.jpg,30.0,0.6333,0.5398,0.5714,0.96,7,4,False,False
6,frame_0074.jpg,29.6,0.6328,0.5228,0.5714,1.0,7,4,False,False
7,frame_0387.jpg,154.8,0.6296,0.665,0.8571,0.2,9,6,False,True
8,frame_0079.jpg,31.6,0.629,0.5094,0.7143,0.8,6,5,False,True
9,frame_0000.jpg,0.0,0.6285,0.5142,0.5714,1.0,7,4,False,False
10,frame_0070.jpg,28.0,0.6179,0.5786,0.4286,1.0,5,3,False,False
11,frame_0128.jpg,51.2,0.6079,0.5369,0.5714,0.84,6,4,False,True
12,frame_0287.jpg,114.8,0.5991,0.5834,0.5714,0.68,6,4,False,True
13,frame_0031.jpg,12.4,0.597,0.4511,0.5714,1.0,8,4,False,True
14,frame_0014.jpg,5.6,0.5841,0.5111,0.4286,1.0,3,3,False,True
15,frame_0294.jpg,117.6,0.5839,0.537,0.5714,0.72,5,4,False,True
16,frame_0067.jpg,26.8,0.5774,0.412,0.5714,1.0,6,4,False,True
17,frame_0002.jpg,0.8,0.5749,0.407,0.5714,1.0,6,4,False,False
18,frame_0292.jpg,116.8,0.5745,0.4861,0.5714,0.8,8,4,False,False
19,frame_0291.jpg,116.4,0.5721,0.4653,0.5714,0.84,7,4,False,False
20,frame_0130.jpg,52.0,0.5716,0.6038,0.2857,0.92,3,2,False,False
21,frame_0285.jpg,114.0,0.5713,0.5597,0.5714,0.6,5,4,False,False
22,frame_0328.jpg,131.2,0.5667,0.5015,1.0,0.08,10,7,False,True
23,frame_0209.jpg,83.6,0.5644,0.6694,0.2857,0.72,2,2,False,False
24,frame_0015.jpg,6.0,0.5541,0.451,0.4286,1.0,6,3,False,False
25,frame_0029.jpg,11.6,0.5525,0.4478,0.4286,1.0,6,3,False,False
26,frame_0375.jpg,150.0,0.5521,0.6814,0.5714,0.2,9,4,False,False
27,frame_0008.jpg,3.2,0.5503,0.4434,0.4286,1.0,3,3,False,False
28,frame_0077.jpg,30.8,0.5497,0.5759,0.2857,0.88,7,2,False,False
29,frame_0033.jpg,13.2,0.5485,0.4398,0.4286,1.0,5,3,False,False
30,frame_0386.jpg,154.4,0.5479,0.4856,0.8571,0.24,7,6,False,False
31,frame_0198.jpg,79.2,0.547,0.8322,0.1429,0.44,1,1,False,False
32,frame_0122.jpg,48.8,0.5466,0.5961,0.4286,0.6,3,3,False,False
33,frame_0167.jpg,66.8,0.5456,0.5083,0.5714,0.6,6,4,False,False
34,frame_0013.jpg,5.2,0.543,0.3432,0.5714,1.0,4,4,False,False
35,frame_0367.jpg,146.8,0.5428,0.5394,0.8571,0.08,8,6,False,False
36,frame_0071.jpg,28.4,0.5359,0.4147,0.4286,1.0,5,3,False,False
37,frame_0129.jpg,51.6,0.5338,0.4585,0.4286,0.88,5,3,False,False
38,frame_0168.jpg,67.2,0.5294,0.492,0.5714,0.56,6,4,False,False
39,frame_0106.jpg,42.4,0.5234,0.5166,0.8571,0.04,7,6,False,False
40,frame_0276.jpg,110.4,0.5218,0.4333,0.8571,0.24,6,6,False,False
41,frame_0286.jpg,114.4,0.5216,0.4444,0.5714,0.64,6,4,False,False
42,frame_0295.jpg,118.0,0.5213,0.5134,0.4286,0.68,4,3,False,False
43,frame_0076.jpg,30.4,0.5168,0.4941,0.2857,0.92,7,2,False,False
44,frame_0131.jpg,52.4,0.5165,0.3918,0.4286,0.96,4,3,False,False
45,frame_0016.jpg,6.4,0.516,0.3748,0.4286,1.0,4,3,False,False
46,frame_0284.jpg,113.6,0.5141,0.5471,0.4286,0.56,5,3,False,False
47,frame_0397.jpg,158.8,0.5137,0.5189,0.7143,0.2,7,5,False,False
48,frame_0390.jpg,156.0,0.5121,0.4779,0.8571,0.08,6,6,False,False
49,frame_0007.jpg,2.8,0.5082,0.4449,0.2857,1.0,3,2,False,False
50,frame_0289.jpg,115.6,0.5081,0.4551,0.4286,0.76,5,3,False,False
51,frame_0304.jpg,121.6,0.5069,0.5429,0.5714,0.32,6,4,False,False
52,frame_0297.jpg,118.8,0.5062,0.4296,0.5714,0.6,6,4,False,False
53,frame_0208.jpg,83.2,0.5061,0.5367,0.2857,0.76,2,2,False,False
54,frame_0278.jpg,111.2,0.5051,0.4536,0.7143,0.32,8,5,False,False
55,frame_0293.jpg,117.2,0.5035,0.4458,0.4286,0.76,6,3,False,False
56,frame_0069.jpg,27.6,0.501,0.3448,0.4286,1.0,6,3,False,False
57,frame_0280.jpg,112.0,0.5008,0.6702,0.2857,0.4,6,2,False,False
58,frame_0277.jpg,110.8,0.5003,0.46,0.7143,0.28,7,5,False,False
59,frame_0127.jpg,50.8,0.4972,0.4173,0.4286,0.8,7,3,False,False
60,frame_0377.jpg,150.8,0.4943,0.512,0.7143,0.12,10,5,False,False
61,frame_0095.jpg,38.0,0.4939,0.4953,0.7143,0.16,5,5,False,False
62,frame_0302.jpg,120.8,0.4921,0.4814,0.5714,0.4,6,4,False,False
63,frame_0113.jpg,45.2,0.4867,0.3632,0.8571,0.24,6,6,False,False
64,frame_0396.jpg,158.4,0.4846,0.4767,0.7143,0.16,7,5,False,False
65,frame_0123.jpg,49.2,0.4835,0.4538,0.4286,0.64,6,3,False,False
66,frame_0384.jpg,153.6,0.4816,0.5564,0.5714,0.16,6,4,False,False
67,frame_0081.jpg,32.4,0.4798,0.5002,0.2857,0.72,3,2,False,False
68,frame_0032.jpg,12.8,0.4787,0.3859,0.2857,1.0,5,2,False,False
69,frame_0087.jpg,34.8,0.4767,0.59,0.2857,0.48,3,2,False,False
70,frame_0290.jpg,116.0,0.4766,0.376,0.4286,0.8,5,3,False,False
71,frame_0105.jpg,42.0,0.4755,0.4904,0.7143,0.08,6,5,False,False
72,frame_0298.jpg,119.2,0.4746,0.468,0.4286,0.56,6,3,False,False
73,frame_0398.jpg,159.2,0.4717,0.5046,0.5714,0.24,8,4,False,False
74,frame_0183.jpg,73.2,0.4702,0.5815,0.5714,0.04,4,4,False,False
75,frame_0125.jpg,50.0,0.47,0.3948,0.4286,0.72,6,3,False,False
76,frame_0018.jpg,7.2,0.4693,0.2814,0.4286,1.0,5,3,False,False
77,frame_0368.jpg,147.2,0.4671,0.4896,0.7143,0.04,8,5,False,False
78,frame_0296.jpg,118.4,0.4669,0.4207,0.4286,0.64,4,3,False,False
79,frame_0096.jpg,38.4,0.4647,0.4528,0.7143,0.12,6,5,False,False
80,frame_0028.jpg,11.2,0.4629,0.3543,0.2857,1.0,3,2,False,False
81,frame_0003.jpg,1.2,0.4602,0.3489,0.2857,1.0,6,2,False,False
82,frame_0169.jpg,67.6,0.4582,0.3656,0.5714,0.52,7,4,False,False
83,frame_0308.jpg,123.2,0.457,0.5072,0.5714,0.16,5,4,False,False
84,frame_0320.jpg,128.0,0.4535,0.5538,0.4286,0.24,6,3,False,False
85,frame_0274.jpg,109.6,0.4531,0.4137,0.7143,0.16,7,5,False,False
86,frame_0004.jpg,1.6,0.4512,0.331,0.2857,1.0,5,2,False,False
87,frame_0301.jpg,120.4,0.4504,0.3819,0.5714,0.44,7,4,False,False
88,frame_0026.jpg,10.4,0.4492,0.3269,0.2857,1.0,4,2,False,False
89,frame_0173.jpg,69.2,0.4485,0.5815,0.2857,0.36,5,2,False,False
90,frame_0121.jpg,48.4,0.4458,0.4961,0.2857,0.56,3,2,False,False
91,frame_0175.jpg,70.0,0.4445,0.4342,0.5714,0.28,7,4,False,False
92,frame_0005.jpg,2.0,0.4438,0.3162,0.2857,1.0,6,2,False,False
93,frame_0124.jpg,49.6,0.4398,0.3505,0.4286,0.68,5,3,False,False
94,frame_0126.jpg,50.4,0.4398,0.4042,0.2857,0.76,7,2,False,False
95,frame_0010.jpg,4.0,0.4384,0.391,0.1429,1.0,2,1,False,False
96,frame_0333.jpg,133.2,0.435,0.4952,0.5714,0.08,7,4,False,False
97,frame_0098.jpg,39.2,0.4345,0.5102,0.5714,0.04,4,4,False,False
98,frame_0068.jpg,27.2,0.4326,0.2938,0.2857,1.0,6,2,False,False
99,frame_0385.jpg,154.0,0.4311,0.4394,0.5714,0.2,7,4,False,False
100,frame_0370.jpg,148.0,0.4295,0.5002,0.5714,0.04,10,4,False,False
101,frame_0321.jpg,128.4,0.4293,0.4357,0.5714,0.2,7,4,False,False
102,frame_0283.jpg,113.2,0.4278,0.3904,0.4286,0.52,5,3,False,False
103,frame_0279.jpg,111.6,0.4276,0.454,0.4286,0.36,5,3,False,False
104,frame_0006.jpg,2.4,0.4262,0.281,0.2857,1.0,5,2,False,False
105,frame_0288.jpg,115.2,0.4245,0.3896,0.2857,0.72,7,2,False,False
106,frame_0089.jpg,35.6,0.4238,0.3447,0.5714,0.4,5,4,False,False
107,frame_0373.jpg,149.2,0.423,0.4392,0.5714,0.16,6,4,False,False
108,frame_0315.jpg,126.0,0.4215,0.4522,0.5714,0.12,6,4,False,False
109,frame_0021.jpg,8.4,0.4203,0.2691,0.2857,1.0,5,2,False,False
110,frame_0224.jpg,89.6,0.4202,0.7067,0.1429,0.12,4,1,False,False
111,frame_0330.jpg,132.0,0.4198,0.4808,0.5714,0.04,7,4,False,False
112,frame_0275.jpg,110.0,0.418,0.4132,0.5714,0.2,6,4,False,False
113,frame_0381.jpg,152.4,0.4178,0.4767,0.5714,0.04,6,4,False,False
114,frame_0230.jpg,92.0,0.4177,0.5303,0.4286,0.12,9,3,False,False
115,frame_0185.jpg,74.0,0.4176,0.4603,0.5714,0.08,8,4,False,False
116,frame_0114.jpg,45.6,0.417,0.3792,0.5714,0.28,5,4,False,False
117,frame_0327.jpg,130.8,0.4155,0.4721,0.5714,0.04,10,4,False,False
118,frame_0382.jpg,152.8,0.4153,0.4558,0.5714,0.08,6,4,False,False
119,frame_0011.jpg,4.4,0.4126,0.2538,0.2857,1.0,5,2,False,False
120,frame_0317.jpg,126.8,0.4121,0.4013,0.5714,0.2,7,4,False,False
121,frame_0170.jpg,68.0,0.4119,0.3747,0.4286,0.48,7,3,False,False
122,frame_0214.jpg,85.6,0.4113,0.4432,0.2857,0.52,2,2,False,False
123,frame_0332.jpg,132.8,0.4099,0.4609,0.5714,0.04,7,4,False,False
124,frame_0115.jpg,46.0,0.409,0.4328,0.4286,0.32,6,3,False,False
125,frame_0379.jpg,151.6,0.4079,0.457,0.5714,0.04,7,4,False,False
126,frame_0299.jpg,119.6,0.4073,0.4351,0.2857,0.52,6,2,False,False
127,frame_0086.jpg,34.4,0.4061,0.3471,0.4286,0.52,5,3,False,False
128,frame_0019.jpg,7.6,0.4052,0.3247,0.1429,1.0,2,1,False,False
129,frame_0025.jpg,10.0,0.4038,0.3219,0.1429,1.0,3,1,False,False
130,frame_0080.jpg,32.0,0.4003,0.3252,0.2857,0.76,4,2,False,False
131,frame_0023.jpg,9.2,0.3999,0.3141,0.1429,1.0,2,1,False,False
132,frame_0399.jpg,159.6,0.3995,0.4298,0.4286,0.28,6,3,False,False
133,frame_0078.jpg,31.2,0.3986,0.2897,0.2857,0.84,6,2,False,False
134,frame_0091.jpg,36.4,0.3947,0.4899,0.2857,0.32,3,2,False,False
135,frame_0378.jpg,151.2,0.3939,0.413,0.5714,0.08,10,4,False,False
136,frame_0083.jpg,33.2,0.3929,0.3583,0.2857,0.64,3,2,False,False
137,frame_0186.jpg,74.4,0.3908,0.3371,0.7143,0.04,9,5,False,False
138,frame_0303.jpg,121.2,0.3891,0.4628,0.2857,0.36,6,2,False,False
139,frame_0174.jpg,69.6,0.3888,0.3924,0.4286,0.32,5,3,False,False
140,frame_0206.jpg,82.4,0.3879,0.3861,0.1429,0.76,3,1,False,False
141,frame_0030.jpg,12.0,0.3876,0.2894,0.1429,1.0,6,1,False,False
142,frame_0184.jpg,73.6,0.3875,0.4001,0.5714,0.08,7,4,False,False
143,frame_0017.jpg,6.8,0.3846,0.2835,0.1429,1.0,4,1,False,False
144,frame_0329.jpg,131.6,0.3843,0.3937,0.5714,0.08,10,4,False,False
145,frame_0281.jpg,112.4,0.3827,0.4179,0.2857,0.44,6,2,False,False
146,frame_0085.jpg,34.0,0.3817,0.3679,0.2857,0.56,3,2,False,False
147,frame_0210.jpg,84.0,0.3812,0.319,0.2857,0.68,3,2,False,False
148,frame_0318.jpg,127.2,0.3789,0.4046,0.4286,0.24,6,3,False,False
149,frame_0009.jpg,3.6,0.3784,0.2711,0.1429,1.0,2,1,False,False
150,frame_0229.jpg,91.6,0.3784,0.382,0.5714,0.08,8,4,False,False
151,frame_0374.jpg,149.6,0.3771,0.5028,0.2857,0.2,8,2,False,False
152,frame_0269.jpg,107.6,0.377,0.4808,0.4286,0.04,4,3,False,False
153,frame_0111.jpg,44.4,0.3733,0.5111,0.2857,0.16,3,2,False,False
154,frame_0305.jpg,122.0,0.373,0.3768,0.4286,0.28,6,3,False,False
155,frame_0395.jpg,158.0,0.3699,0.349,0.5714,0.12,6,4,False,False
156,frame_0024.jpg,9.6,0.3698,0.2539,0.1429,1.0,4,1,False,False
157,frame_0215.jpg,86.0,0.3687,0.3739,0.2857,0.48,3,2,False,False
158,frame_0218.jpg,87.2,0.3687,0.4219,0.2857,0.36,3,2,False,False
159,frame_0388.jpg,155.2,0.3682,0.4152,0.4286,0.16,8,3,False,False
160,frame_0132.jpg,52.8,0.3672,0.2486,0.1429,1.0,5,1,False,False
161,frame_0082.jpg,32.8,0.3669,0.3761,0.1429,0.68,4,1,False,False
162,frame_0193.jpg,77.2,0.3647,0.3762,0.4286,0.24,6,3,False,False
163,frame_0306.jpg,122.4,0.3637,0.3743,0.4286,0.24,5,3,False,False
164,frame_0133.jpg,53.2,0.3595,0.2332,0.1429,1.0,8,1,False,False
165,frame_0090.jpg,36.0,0.3582,0.4009,0.2857,0.36,6,2,False,False
166,frame_0116.jpg,46.4,0.3547,0.394,0.2857,0.36,8,2,False,False
167,frame_0117.jpg,46.8,0.3533,0.3751,0.2857,0.4,6,2,False,False
168,frame_0389.jpg,155.6,0.3518,0.3984,0.4286,0.12,6,3,False,False
169,frame_0394.jpg,157.6,0.3506,0.4121,0.4286,0.08,7,3,False,False
170,frame_0233.jpg,93.2,0.3486,0.4298,0.2857,0.24,4,2,False,False
171,frame_0094.jpg,37.6,0.3461,0.3551,0.4286,0.2,4,3,False,False
172,frame_0027.jpg,10.8,0.3459,0.206,0.1429,1.0,5,1,False,False
173,frame_0231.jpg,92.4,0.3458,0.3704,0.4286,0.16,6,3,False,False
174,frame_0103.jpg,41.2,0.3448,0.3684,0.4286,0.16,6,3,False,False
175,frame_0195.jpg,78.0,0.3419,0.3843,0.2857,0.32,3,2,False,False
176,frame_0012.jpg,4.8,0.3418,0.1978,0.1429,1.0,5,1,False,False
177,frame_0213.jpg,85.2,0.3415,0.2875,0.2857,0.56,4,2,False,False
178,frame_0084.jpg,33.6,0.34,0.3543,0.1429,0.6,3,1,False,False
179,frame_0203.jpg,81.2,0.3379,0.2484,0.2857,0.64,3,2,False,False
180,frame_0102.jpg,40.8,0.3376,0.37,0.4286,0.12,4,3,False,False
181,frame_0216.jpg,86.4,0.3365,0.3256,0.2857,0.44,4,2,False,False
182,frame_0323.jpg,129.2,0.3359,0.3667,0.4286,0.12,4,3,False,False
183,frame_0191.jpg,76.4,0.3349,0.3487,0.4286,0.16,4,3,False,False
184,frame_0088.jpg,35.2,0.3348,0.3222,0.2857,0.44,6,2,False,False
185,frame_0220.jpg,88.0,0.3345,0.3855,0.2857,0.28,3,2,False,False
186,frame_0316.jpg,126.4,0.3336,0.3461,0.4286,0.16,6,3,False,False
187,frame_0176.jpg,70.4,0.3331,0.3988,0.2857,0.24,6,2,False,False
188,frame_0273.jpg,109.2,0.3331,0.3611,0.4286,0.12,4,3,False,False
189,frame_0205.jpg,82.0,0.3317,0.2897,0.1429,0.72,2,1,False,False
190,frame_0112.jpg,44.8,0.3315,0.3259,0.4286,0.2,5,3,False,False
191,frame_0119.jpg,47.6,0.3308,0.2981,0.2857,0.48,4,2,False,False
192,frame_0202.jpg,80.8,0.328,0.3302,0.1429,0.6,5,1,False,False
193,frame_0192.jpg,76.8,0.3246,0.3978,0.2857,0.2,4,2,False,False
194,frame_0314.jpg,125.6,0.3235,0.3579,0.4286,0.08,4,3,False,False
195,frame_0372.jpg,148.8,0.3187,0.4179,0.2857,0.12,9,2,False,False
196,frame_0177.jpg,70.8,0.3183,0.3851,0.2857,0.2,6,2,False,False
197,frame_0118.jpg,47.2,0.3176,0.2877,0.2857,0.44,4,2,False,False
198,frame_0120.jpg,48.0,0.3167,0.2539,0.2857,0.52,5,2,False,False
199,frame_0282.jpg,112.8,0.316,0.3543,0.1429,0.48,4,1,False,False
200,frame_0222.jpg,88.8,0.3151,0.2931,0.4286,0.2,4,3,False,False
201,frame_0391.jpg,156.4,0.3147,0.3563,0.4286,0.04,7,3,False,False
202,frame_0109.jpg,43.6,0.3128,0.3364,0.4286,0.08,6,3,False,False
203,frame_0371.jpg,148.4,0.3127,0.3362,0.4286,0.08,7,3,False,False
204,frame_0097.jpg,38.8,0.3112,0.3333,0.4286,0.08,6,3,False,False
205,frame_0300.jpg,120.0,0.3067,0.25,0.2857,0.48,6,2,False,False
206,frame_0092.jpg,36.8,0.3066,0.3297,0.2857,0.28,4,2,False,False
207,frame_0225.jpg,90.0,0.3066,0.4098,0.2857,0.08,5,2,False,False
208,frame_0179.jpg,71.6,0.3041,0.303,0.4286,0.12,7,3,False,False
209,frame_0232.jpg,92.8,0.3027,0.354,0.2857,0.2,5,2,False,False
210,frame_0100.jpg,40.0,0.3015,0.3299,0.4286,0.04,5,3,False,False
211,frame_0319.jpg,127.6,0.2998,0.3161,0.2857,0.28,6,2,False,False
212,frame_0020.jpg,8.0,0.2887,0.1774,0.0,1.0,4,0,False,False
213,frame_0022.jpg,8.8,0.2886,0.1772,0.0,1.0,5,0,False,False
214,frame_0393.jpg,157.2,0.2851,0.4685,0.1429,0.04,3,1,False,False
215,frame_0383.jpg,153.2,0.2827,0.3459,0.2857,0.12,7,2,False,False
216,frame_0178.jpg,71.2,0.2819,0.3283,0.2857,0.16,4,2,False,False
217,frame_0188.jpg,75.2,0.2817,0.376,0.2857,0.04,6,2,False,False
218,frame_0325.jpg,130.0,0.2806,0.288,0.4286,0.04,7,3,False,False
219,frame_0194.jpg,77.6,0.2797,0.276,0.2857,0.28,5,2,False,False
220,frame_0267.jpg,106.8,0.2726,0.4114,0.1429,0.12,6,1,False,False
221,frame_0108.jpg,43.2,0.2712,0.355,0.2857,0.04,7,2,False,False
222,frame_0307.jpg,122.8,0.2682,0.3706,0.1429,0.2,6,1,False,False
223,frame_0104.jpg,41.6,0.259,0.2986,0.2857,0.12,5,2,False,False
224,frame_0268.jpg,107.2,0.2583,0.3131,0.2857,0.08,5,2,False,False
225,frame_0207.jpg,82.8,0.2532,0.1864,0.0,0.8,2,0,False,False
226,frame_0309.jpg,123.6,0.2495,0.2796,0.2857,0.12,6,2,False,False
227,frame_0223.jpg,89.2,0.2484,0.3471,0.1429,0.16,4,1,False,False
228,frame_0311.jpg,124.4,0.2483,0.3091,0.2857,0.04,3,2,False,False
229,frame_0226.jpg,90.4,0.2462,0.3049,0.2857,0.04,4,2,False,False
230,frame_0189.jpg,75.6,0.2386,0.3594,0.1429,0.08,3,1,False,False
231,frame_0271.jpg,108.4,0.2372,0.287,0.2857,0.04,5,2,False,False
232,frame_0310.jpg,124.0,0.2369,0.2703,0.2857,0.08,4,2,False,False
233,frame_0196.jpg,78.4,0.2358,0.2418,0.1429,0.36,2,1,False,False
234,frame_0204.jpg,81.6,0.2339,0.1958,0.0,0.68,2,0,False,False
235,frame_0228.jpg,91.2,0.2338,0.2802,0.2857,0.04,5,2,False,False
236,frame_0272.jpg,108.8,0.2329,0.2624,0.2857,0.08,4,2,False,False
237,frame_0211.jpg,84.4,0.2309,0.2058,0.0,0.64,3,0,False,False
238,frame_0212.jpg,84.8,0.2298,0.2196,0.0,0.6,2,0,False,False
239,frame_0093.jpg,37.2,0.2275,0.2733,0.1429,0.24,4,1,False,False
240,frame_0322.jpg,128.8,0.2192,0.2886,0.1429,0.16,6,1,False,False
241,frame_0217.jpg,86.8,0.2143,0.2686,0.0,0.4,2,0,False,False
242,frame_0172.jpg,68.8,0.2031,0.2461,0.0,0.4,4,0,False,False
243,frame_0324.jpg,129.6,0.1976,0.2775,0.1429,0.08,4,1,False,False
244,frame_0199.jpg,79.6,0.196,0.2,0.0,0.48,1,0,False,False
245,frame_0313.jpg,125.2,0.1931,0.2845,0.1429,0.04,3,1,False,False
246,frame_0101.jpg,40.4,0.1912,0.2647,0.1429,0.08,4,1,False,False
247,frame_0181.jpg,72.4,0.1879,0.2741,0.1429,0.04,6,1,False,False
248,frame_0201.jpg,80.4,0.1859,0.1478,0.0,0.56,4,0,False,False
249,frame_0171.jpg,68.4,0.1844,0.1928,0.0,0.44,6,0,False,False
250,frame_0190.jpg,76.0,0.1782,0.2227,0.1429,0.12,4,1,False,False
251,frame_0197.jpg,78.8,0.1686,0.1772,0.0,0.4,1,0,False,False
252,frame_0110.jpg,44.0,0.1631,0.2783,0.0,0.12,2,0,False,False
253,frame_0200.jpg,80.0,0.1571,0.1061,0.0,0.52,2,0,False,False
254,frame_0219.jpg,87.6,0.1548,0.1817,0.0,0.32,4,0,False,False
255,frame_0221.jpg,88.4,0.1521,0.2082,0.0,0.24,5,0,False,False
256,frame_0180.jpg,72.0,0.1019,0.1718,0.0,0.08,6,0,False,False
